IP 地址,已发送,已接收,丢包率,平均延迟,下载速度(MB/s),地区码,运营商
198.41.203.133,10,10,0.00,1.96,0.00,N/A,Cloudflare, Inc.
198.41.202.152,10,10,0.00,2.00,0.00,N/A,Cloudflare, Inc.
198.41.201.159,10,10,0.00,2.02,0.00,N/A,Cloudflare, Inc.
198.41.200.203,10,10,0.00,2.05,0.00,N/A,Cloudflare, Inc.
198.41.204.182,10,10,0.00,2.08,0.00,N/A,Cloudflare, Inc.
104.25.43.114,10,10,0.00,2.08,0.00,N/A,Cloudflare, Inc.
104.25.103.78,10,10,0.00,2.09,0.00,N/A,Cloudflare, Inc.
104.25.129.136,10,10,0.00,2.09,0.00,N/A,Cloudflare, Inc.
104.25.11.214,10,10,0.00,2.10,0.00,N/A,Cloudflare, Inc.
104.24.237.73,10,10,0.00,2.11,0.00,N/A,Cloudflare, Inc.
